date,absv_850_绝对涡度,clwmr_850_云水混合比,gh_850_位势高度,r_850_相对湿度,q_850_比湿,t_850_温度,u_850_纬向风速,v_850_经向风速,w_850_垂直风速,absv_500_绝对涡度,clwmr_500_云水混合比,gh_500_位势高度,r_500_相对湿度,q_500_比湿,t_500_温度,u_500_纬向风速,v_500_经向风速,w_500_垂直风速,o3mr_臭氧混合比,lftx4_4层最佳抬升指数,cape_对流有效能,cin_对流抑制能,gh_surface_位势高度,lftx_surface_地面抬升指数,surface_pressure_地面气压,pressure_气压,t_surface_温度,u_surface_纬向风速,v_surface_经向风速,vertical_wind_shear_垂直速度切变,OT
2021-07-01 00:00:00,-0.50767595,-0.16569968,0.18740319,-2.5867555,-2.7270868,-0.6927098,-0.7029849,-0.17112003,0.16327596,0.023623338,-0.27452648,0.11501088,0.6489877,0.71791804,0.37136292,-1.3391603,-0.6484182,0.32758546,-0.30325902,3.0017478,-1.7995832,0.37069374,0.9758664,3.0105417,0.6132088,-0.70548946,-0.89226544,-2.2422438,0.22093222,0.31042862,-0.385918
2021-07-01 06:00:00,-0.4911896,6.824435,0.058159087,1.4624307,0.29840258,-3.4911032,-0.39035293,0.27538103,0.28399858,0.15049663,-0.27452648,-0.29137024,0.9873622,0.8025805,-0.5991126,-1.0050454,0.00675287,-0.058750033,-0.31927553,1.2091557,-1.4823948,0.32374358,0.93430364,1.2041523,0.46710843,-0.7011154,-0.8769535,-2.3665175,0.31972545,-0.5765874,-0.40726835
2021-07-01 12:00:00,0.5922835,-0.16569968,-0.0055417432,-2.506747,-2.6869764,-0.89260596,0.14343163,0.450085,0.33139017,0.20224515,-0.27452648,-0.35004884,0.66279894,0.4722824,-0.88418657,-0.56999934,0.045204345,0.1950567,-0.19123329,1.6163132,-1.7524761,-3.8447206,0.57591754,1.5987475,0.3749722,-0.5011386,-0.5415874,-2.219344,-0.17198977,0.44757706,-0.1398709
2021-07-01 18:00:00,-0.8392769,-0.16569968,0.2745156,0.101236336,-0.39338854,-1.6971564,0.22763838,0.19897299,0.35858306,0.082470216,-0.28116417,-0.17505606,0.13452007,0.044439293,-0.51634926,-0.5259761,-0.1767448,0.2863335,-0.23891664,0.67589,-0.8228942,0.31819576,0.63485247,0.63913804,0.5127093,-0.5413799,-0.60139775,-1.9869554,0.26747543,0.49603182,-0.4161667
2021-07-02 00:00:00,-0.6792898,-0.16569968,-0.057186004,-0.20880216,-0.52401894,-1.1842023,0.104829445,0.32574505,0.81570864,0.34284228,-0.26974246,-0.28006354,-0.22111855,-0.1866727,0.19375725,-0.5383639,0.2625394,0.34101596,-0.17082639,0.69573605,-0.585788,0.3597481,0.35941,0.6452417,0.1351704,-0.3741514,-0.35919315,-1.5244535,-0.0049274615,1.3717704,-0.31364906
2021-07-02 06:00:00,-0.6045036,-0.16569968,-0.1426912,-1.009932,-1.254676,-0.897423,0.503781,0.53854185,0.40806693,0.06757848,-0.26805222,-0.6488209,-0.5802101,-0.56070423,0.1049544,-0.16500853,0.6801867,0.37151855,-0.082953356,1.0114325,-0.66272974,0.43524322,0.27222005,0.90987474,0.09755901,-0.3168604,-0.31228086,-1.5653889,0.39333153,1.0636307,-0.3065399
2021-07-02 12:00:00,-0.7695429,-0.16569968,-0.059267275,-1.4651668,-1.5790021,-0.35783514,0.5278082,0.49703532,0.49523672,0.09533191,-0.26877272,-0.5359041,-0.9565655,-0.9643709,-0.2502299,-0.025491018,0.21975338,0.17938496,0.030277602,0.4875059,-0.21782997,0.44757584,0.27134642,0.40459058,0.1288629,-0.3048057,-0.3269197,-1.6391461,0.8572864,0.6324881,-0.4221271
2021-07-02 18:00:00,-0.7740163,-0.15468162,-0.22092111,-0.08196189,-0.081708334,0.014584886,0.7767652,0.9155683,0.5372824,-0.06942608,-0.27098596,-0.41861513,-0.65271884,-0.6618307,-0.16139993,0.010067723,0.6239857,0.5794098,0.06241983,-0.4317808,1.0896411,0.31287286,-0.43145576,-0.49986675,-0.20973304,0.19068085,0.47208178,-0.60713357,1.1775086,0.28062475,-0.40055287
2021-07-03 00:00:00,-1.0316821,-0.16569968,-0.51497585,-0.050034847,0.19257237,0.8148687,1.116989,1.6315374,0.5464639,-0.023246614,-0.27452648,-0.48824686,-0.47662598,-0.534395,-0.6053871,0.42929476,0.94272804,0.19916838,0.20226185,-1.6177927,2.294228,0.4112527,-2.0845156,-1.6748629,-0.6567479,1.8120052,2.4602644,-0.24541079,0.40097097,0.07049883,0.5562362
2021-07-03 06:00:00,-1.0125825,-0.16569968,-0.7834595,0.28895116,0.7272713,1.3362229,1.4971268,1.851103,0.41553697,-0.661344,-0.27314296,-0.7079737,0.39693302,0.27271438,-0.6809928,0.6253559,2.1094227,0.11437702,0.2086368,-1.8478045,2.1348763,0.36861333,0.6505782,-1.871661,-0.9928208,-0.546621,-0.7602487,0.038454182,-1.1970369,-1.0730573,-0.40726835
2021-07-03 12:00:00,-0.7633684,-0.16569968,-1.3506571,0.18254408,0.58736634,1.2945613,0.94899124,2.4718528,-2.036982,1.1160363,-0.22755662,-1.1144742,1.3360955,1.3687531,0.19881196,0.9216632,1.816972,1.0121468,-1.396027,-1.3964707,1.6662512,0.424859,0.6394925,-1.3903583,-1.544453,-0.5320367,-1.0961778,-0.03542958,-0.1615795,-1.6898249,-0.16110347
2021-07-03 18:00:00,-1.0064873,0.15203373,-1.8286057,-0.04316413,0.30813015,1.2939825,1.7760917,2.9988425,0.2138607,1.1671182,1.4809328,-1.3860735,1.6848284,2.0906289,1.2686805,1.791203,2.4803488,-0.902911,-1.3774271,-0.75293785,1.2266873,0.31862685,0.85817146,-0.83891094,-2.065264,-0.6479632,-1.2059766,0.7304994,0.8877267,-2.400434,1.8433299
2021-07-04 00:00:00,0.64504874,-0.059788544,-2.3976314,-1.2689291,-0.7852272,2.4224818,4.526269,3.6402295,0.68282586,2.9429257,-0.23935011,-1.5954021,1.4638491,1.8026583,1.1797808,2.6431947,2.1826012,0.12780626,-1.1104465,-0.8515028,1.4225484,0.27177036,0.70857185,-0.96543324,-2.649514,-0.5681086,-0.7622119,0.8560352,1.3674326,0.31733653,8.023299
2021-07-04 06:00:00,1.7747,-0.17978,-2.1031926,1.0944206,1.2481563,0.28884423,2.4642837,1.4168305,-0.7140322,0.2969516,3.4233503,-1.7975733,1.7287301,1.6527983,-0.2610357,2.2366672,1.9172802,-3.6989048,1.0704024,-0.60904187,0.057573993,0.23883964,0.9570304,-0.6762133,-2.0848384,-0.72434604,-0.9964604,1.3160106,1.9131144,-3.4144375,-0.4071961
2021-07-04 12:00:00,4.1390224,-0.15084693,-1.8731185,1.5189646,1.2577237,-0.80127317,1.7921289,0.9678471,-0.6462952,-0.5200383,5.4161663,-1.7975488,1.6192251,1.5752841,-0.14164308,2.5282931,1.2455647,-7.7686744,-1.0457814,0.32628897,-0.7331446,0.36676663,0.15224375,0.28273383,-1.6476686,-0.22179788,-0.6968773,1.2158058,1.8648612,-0.5251109,0.6749667
2021-07-04 18:00:00,1.2168044,-0.16951089,-1.1600772,0.49387562,0.25314957,-0.8003343,2.8564181,1.6158087,0.34013897,-1.7628995,5.1232,-1.3829013,1.7055452,1.3656579,-1.0622433,1.9487559,0.8639627,-1.520942,-0.80151224,-0.47703224,-0.29048595,0.27530193,0.5296029,-0.48394623,-1.0741664,-0.477179,-0.529678,1.7285211,1.0653542,-1.573725,0.6580407
2021-07-05 00:00:00,-0.59173477,-0.16765101,-0.8049487,0.00010212353,-0.11519417,-0.40356266,2.1296663,1.6236914,1.6163179,-1.8180931,-0.2522815,-0.9272021,1.5743386,1.4815573,-0.19055827,0.9390788,0.514852,-0.04945233,-0.79892796,0.14695753,-0.45702106,0.30774847,0.6077984,0.059953507,-0.7615311,-0.51306945,-0.5509224,1.7251886,0.8236508,-2.4724212,1.6534482
2021-07-05 06:00:00,0.20461836,0.16732772,-0.55726683,0.64982235,0.13355762,-1.672152,2.6495607,2.2909088,1.3405913,-1.1466602,3.4898043,-1.035941,1.7055452,1.4774463,-0.6781203,1.1431024,0.9253101,-2.1645675,-1.4279176,0.6112787,-0.8750677,0.08724327,0.26684895,0.48589885,-0.356882,-0.29820642,-0.34509036,1.8608761,0.7493356,0.50924104,-0.40726835
2021-07-05 12:00:00,0.18419859,0.04612259,-0.4628315,-0.08219362,-0.30654174,-0.79265785,2.2086904,2.9108,3.4189684,-1.1910812,3.1063042,-0.77417177,1.6332065,1.4445598,-0.52035093,0.6203328,1.2011929,-2.2766724,-1.6277957,0.98860896,-1.2722963,0.20086521,0.29251912,0.7857859,-0.20761849,-0.33417815,-0.43405798,1.6641817,0.4819072,1.8326708,-0.40726835
2021-07-05 18:00:00,1.7188792,1.6347896,-0.16844714,0.8794415,0.6310608,-0.79265785,1.6514672,1.6764501,-0.42796263,-0.12434572,0.10291471,-0.40575904,1.4811131,1.3812529,-0.231342,0.40783983,0.31554016,0.22460175,-0.68845475,0.84347296,-1.180224,0.43128946,-3.993783,0.65080047,0.028657949,4.5996017,-0.7262152,1.8539963,0.11434067,-2.2728698,1.4919125
2021-07-06 00:00:00,1.3004067,0.8115937,-0.20243104,1.6460131,1.2768582,-1.0857414,0.47121304,0.18045224,-3.2021382,-0.24898446,-0.28793064,-0.18337597,0.44872504,0.44727176,0.01785878,0.61370033,0.38659555,-0.34535164,-1.0511155,0.41192937,-0.7133176,0.26962048,0.6463235,0.28418776,-0.058344975,-0.5636156,-0.6873579,1.1957572,-0.18284455,-1.8537633,-0.426688
2021-07-06 06:00:00,0.7320704,-0.16711864,-0.08202443,0.7850752,0.59055763,-0.6842908,0.6156135,0.11052061,-2.4595618,-0.45129913,-0.30043066,-0.15722673,0.22084014,0.21625738,0.016151555,0.52834743,0.49876952,-0.5703996,-1.3191069,0.36318967,-0.34013656,0.19432136,0.08975024,0.22169165,-0.0034469834,-0.1586775,-0.10300126,0.7781154,0.62596726,0.7297518,-0.40726835
2021-07-06 12:00:00,2.9086993,0.47312582,0.06428371,1.9182217,1.2194539,-1.8926004,-0.5575836,-0.2751653,-2.939238,-0.07701689,-0.27452648,-0.12223303,0.045304157,0.08788641,0.2825872,0.22681202,-0.010299396,0.1296775,-0.9161156,1.2869568,-1.3627121,-0.12617226,-0.25104797,1.3122928,0.2825496,0.08337798,0.265997,0.6191985,0.7268941,0.5248077,-0.40726835
2021-07-06 18:00:00,0.9898615,-0.16836093,0.13356417,0.4875448,0.32012123,-0.58404034,-0.12629597,-0.5286433,0.06443648,0.7097391,-0.27452648,0.028857863,-1.2293369,-1.1904202,0.5489686,-0.004521079,-0.15658538,0.21267262,-1.6603794,1.1239468,-1.1120098,-1.5378078,-0.59360665,1.2220062,0.2235595,0.37174138,0.74179095,0.3487235,0.75183207,1.0238374,-0.40726835
2021-07-07 00:00:00,-0.18175642,-0.16771567,0.031291492,-0.57596666,-0.7562081,-0.69564366,0.20822965,-0.19970612,0.68794405,0.07233813,-0.27452648,-0.033809733,-1.441458,-1.4491429,0.7291571,-0.2393592,-0.22117256,0.17867388,-1.1477662,2.138149,-1.7881824,0.3971208,-0.94923127,2.0718184,0.15664771,0.6784856,1.150452,0.28235015,-0.022931203,0.8848226,-0.22819805
2021-07-07 06:00:00,-0.096535414,-0.16569968,-0.017452138,1.2247713,0.78374255,-1.2923372,0.47707725,0.022519452,-0.3107271,0.6695253,-0.27452648,-0.16688009,-1.3605434,-1.3279278,0.37136292,-0.046969775,0.28472638,0.46193284,-1.3657672,1.849497,-1.785451,-1.0210184,0.26549393,1.9030521,0.13902892,-0.2982141,-0.30332953,1.0069699,-0.5718108,-0.35121933,2.1039252
2021-07-07 12:00:00,0.23749065,0.04612259,0.045244955,1.0699444,0.6061885,-1.4922639,-0.031315662,-0.3096693,-1.8539262,-0.23854214,-0.27452648,-0.30577132,-0.11408173,-0.13468409,-0.16139993,-0.034400202,0.059645716,-0.057975225,-1.0097263,1.2511156,-1.4337174,-1.6343321,-0.009491127,1.3127612,0.17655258,-0.101337634,-0.06545725,0.54830706,-0.20839821,0.9205362,1.9758837
2021-07-07 18:00:00,0.9545305,-0.16569968,-0.08757784,0.050745733,-0.11252566,-0.5806533,-0.27409783,-0.4935116,0.83366394,0.25872025,-0.27452648,-0.15240477,-0.40411705,-0.40152425,-0.07262419,-0.06596331,-0.07581193,0.19445,-0.5364621,0.7667342,-1.0301658,-0.17068592,0.25513756,0.6607557,0.042983215,-0.25214788,-0.3754432,0.9074856,0.48234338,-1.2308922,-0.40726835
2021-07-08 00:00:00,0.88538533,-0.15424421,-0.051715158,-1.661906,-1.7865667,-0.3928656,-0.15108855,-0.32643008,0.2928741,1.0545652,-0.26787964,-0.2326163,-1.5007074,-1.4402902,0.276927,-0.44530344,-0.09086694,0.5415685,-1.1582278,0.60909986,-0.47264627,0.29006314,0.22049533,0.55510575,0.098260395,-0.27230862,-0.32871598,0.7432475,0.9409899,-1.1697104,-0.29005378
2021-07-08 06:00:00,0.855313,-0.18484738,0.114733815,-2.1695755,-2.1883616,0.20679231,-0.3032722,-0.43463114,0.2910392,1.6253318,-0.25760904,-0.30050027,-1.3536378,-1.3647132,-0.7834485,-0.28278264,0.332911,0.04870272,-1.1511642,0.2327638,-0.48843315,0.31598413,-1.5901046,0.3297786,0.26246077,1.269743,1.8617797,-0.12306156,0.90222085,0.88551134,-0.40726835
2021-07-08 12:00:00,1.1746019,-0.1858915,0.5475844,-2.3085816,-2.3491068,-0.007057364,-0.9817757,-0.5470509,0.5639982,2.2313209,-0.2787118,-0.009245272,-1.4813915,-1.4651273,-0.9711554,-0.61060244,-0.63398945,0.4774378,1.0715504,1.1246171,-1.2443669,-5.6580825,-3.7365327,1.1897236,0.7743771,4.1608896,3.9906526,-0.6440595,-0.1845306,0.4810125,-0.40561876
2021-07-08 18:00:00,0.92247695,-0.16767016,0.9179581,-2.2411058,-2.2439346,0.51280993,-0.8445239,-0.16573396,0.27106628,0.68858486,-0.29117095,0.6200393,-0.65271884,-0.7292484,-0.9504063,-0.5575639,-0.6080635,0.6124123,0.8224705,0.038537994,-0.6441198,-0.2072527,-2.9016833,0.1502498,1.0089461,2.8861587,3.2617276,-0.38995975,-0.067008466,0.48631638,-0.40726835
2021-07-09 00:00:00,0.78922737,-0.17162059,1.0782531,-2.001751,-1.9951829,0.40636128,-0.63662153,-0.6472877,0.09315224,0.2190604,-0.26986402,0.6595544,-0.9185847,-0.9512333,-0.68657976,-0.63038844,-0.55821407,0.56620157,0.7061107,-0.3945653,-0.27836537,0.44716352,-1.1893214,-0.22781268,1.1485754,0.8912273,1.5647653,-0.031805307,-0.6827471,0.7407024,-0.3874625
2021-07-09 06:00:00,0.12263915,-0.15591894,1.0802737,-0.14422737,-0.35437852,-0.69937027,-0.69100183,-0.10026713,0.54684854,0.5691693,-0.27452648,0.72279316,-1.1801594,-1.1863729,-0.42783558,-0.46852258,-0.66776353,0.3345178,0.3640685,-0.19741392,-0.15817599,0.05844223,0.4381097,-0.22445056,1.1218035,-0.40176326,-0.45643586,-0.5657256,-2.2628248,-0.17415711,-0.41340134
2021-07-09 12:00:00,0.0841987,-0.15928932,1.0166442,0.9347334,0.61192584,-0.97348994,-0.36672184,0.326866,-0.54157376,-0.1884683,-0.27452648,0.79639745,-1.0724815,-1.0753804,-0.14421928,-0.6543371,-0.75618327,0.33758816,0.57299316,0.048811737,-0.25237632,0.2684717,0.30443308,-0.064501405,1.0673956,-0.30872414,-0.2878151,-0.8772278,-1.7360367,0.06706944,-0.42318305
2021-07-09 18:00:00,-0.7063948,-0.14143509,1.1844255,0.8826874,0.793706,-0.19077347,-0.07452701,0.7284899,-0.1537864,-0.3229841,-0.27016777,1.0139971,-1.0116911,-0.97918695,0.3307147,-0.8395791,-0.06707782,0.40448007,0.14117974,0.22644104,-0.066038705,0.19044629,0.25006387,-0.026663488,1.11323,-0.23512438,-0.17218372,-1.1343645,-1.3392137,0.39964876,-0.06911573
2021-07-10 00:00:00,-1.0459456,-0.1766007,1.0486057,0.45098132,0.4110113,-0.076215975,-0.20896685,0.86523175,0.19834787,-0.09548893,-0.26346135,0.96570444,-0.7131226,-0.6335653,0.46590433,-0.6095148,0.15296023,0.418681,0.15317833,-0.28238687,0.3076783,0.3494959,0.99815387,-0.31275615,1.0146929,-0.7116478,-0.91947144,-1.1015888,-1.0207165,-2.385275,-0.3322337
2021-07-10 06:00:00,-0.5968335,-0.160553,1.0069222,0.14883016,0.19096185,0.106813736,-0.24641618,1.126012,0.04764371,-0.47849444,-0.28501755,0.72732717,-0.37390408,-0.34434566,0.09326849,-0.680743,0.17315407,0.29699516,0.1641435,-0.38687697,0.4097439,0.35127643,0.9544591,-0.4012075,0.9697928,-0.69780844,-0.84726834,-1.1074553,-0.47986948,-1.4000425,-0.41359672
2021-07-10 12:00:00,-0.62616134,-0.16569968,0.90745085,0.03175426,-0.019520609,-0.19296947,-0.07645104,1.3448254,0.7791167,-0.23284264,-0.26735225,0.7497949,-0.032864906,-0.062293958,-0.07262419,-0.51099575,0.015742784,0.24766229,-0.122482434,-0.29847342,0.22445562,0.35426575,0.92594516,-0.45728517,0.9169733,-0.70370847,-0.91343516,-0.9669154,-0.42199168,-0.88169885,-0.40726835
2021-07-10 18:00:00,-0.8157813,-0.16569968,1.1447116,-0.17081921,-0.12476161,0.20679231,0.1579812,1.3577594,0.53031725,-0.7515806,-0.2652846,0.9855445,-0.08622147,-0.07680757,0.19713572,-0.63693297,0.28962785,0.067717195,-0.22593045,-0.5065551,0.65498656,0.31613687,0.8422598,-0.5860958,1.0663209,-0.6368853,-0.90129036,-1.0214871,-0.49158573,-0.3458287,-0.40268028
2021-07-11 00:00:00,-0.9606965,-0.16569968,1.0858221,-0.27843675,-0.15824746,0.40665793,0.18107396,0.7445825,0.78479326,-0.8861183,-0.26285455,1.0225221,-0.21568726,-0.2661289,-0.16983137,-0.33573568,0.22686881,0.19382863,-0.1011952,-0.991095,1.1897933,0.36274365,0.7268651,-1.1122804,0.96857804,-0.5711279,-0.6932959,-1.0731909,-0.36939728,-0.26706442,-0.40726835
2021-07-11 06:00:00,-0.8681425,-0.16569968,1.1376611,0.00010212353,0.04254752,0.19852991,0.16835523,0.75802463,0.03447225,-0.81914955,-0.28153706,1.0076858,-0.20257044,-0.15545776,0.29248354,-0.41717193,0.0060159373,0.260287,-0.31082198,-0.42932647,0.49920166,0.41753232,0.5250157,-0.4705996,1.0972978,-0.4555102,-0.5290093,-0.7168982,-0.69249934,-0.13216735,-0.40726835
2021-07-11 12:00:00,-0.94272774,-0.16569968,1.5748835,0.20900641,0.17997119,-0.09333812,0.109546565,0.20870975,0.740233,-0.7799986,-0.27485183,1.2247586,0.09999205,0.05860913,-0.22564693,-0.34371117,-0.1742746,0.22893043,-0.99896824,-0.5376682,0.42213735,0.43102676,0.4312441,-0.559207,1.5490799,-0.3855517,-0.3610187,-0.7671772,-0.6613757,0.43000624,-0.39558244
2021-07-11 18:00:00,-1.3319851,-0.16569968,1.7405092,-0.86716646,-0.6009055,1.0941302,-0.05840793,0.15870994,0.52928394,-0.6928659,-0.2642136,1.7358718,-0.2729106,-0.212517,0.24417526,-0.38071606,-0.6263532,0.4548514,-0.8305766,-0.6122897,0.61529213,0.4192183,0.28991377,-0.60267925,1.6134431,-0.28570807,-0.20621473,-1.0541497,-0.87661374,1.2503194,-0.39765432
2021-07-12 00:00:00,-1.2885718,-0.16569968,1.8161802,-1.1906332,-0.98725605,1.0148542,-0.1941017,-0.44830284,-0.266613,-0.2555098,-0.25764197,1.802524,0.13797282,0.18011272,0.37136292,-0.54123855,-1.0172234,0.39040154,-0.3327741,-0.20398724,0.044627145,0.3173711,0.658184,-0.13908972,1.6955113,-0.5112295,-0.5631116,-1.7019298,-0.41980994,-1.2475296,-0.4005219
2021-07-12 06:00:00,-1.1856036,-0.16569968,1.794711,-1.2411416,-1.1673787,0.6009044,-0.5266268,-0.3576798,-0.15793383,-0.27795166,-0.27633777,1.8067666,0.051652763,0.1467425,0.54894155,-0.70423067,-1.0108955,0.30855054,1.0630459,0.22790296,-0.43536007,0.44102895,0.7318277,0.23288435,1.798031,-0.546294,-0.58744097,-1.4228513,-0.22704694,-0.70788014,-0.40832534
2021-07-12 12:00:00,-0.96175605,-0.16569968,2.129357,-1.0711001,-0.98582524,0.51418024,-0.5201831,-0.46438473,1.0082611,-0.531303,-0.26722988,1.9259827,0.062011275,0.11102993,0.37133583,-0.7712774,-1.3212208,0.14839251,1.5331279,0.62219346,-0.9911541,0.31326783,0.4818561,0.63622344,2.160576,-0.40975,-0.3610187,-1.6180334,0.009736157,0.70915383,-0.4178468
2021-07-12 18:00:00,-0.9205429,-0.17259726,2.2675536,-1.3222935,-1.1054174,1.2357931,-0.5822222,-0.7289223,-0.108255476,-0.23355208,-0.27303743,2.3139014,0.14833134,0.20462428,0.37136292,-1.0241646,-1.5970538,0.24116997,1.1073654,0.48158002,-0.9393074,-0.5858704,0.6072461,0.48264843,2.1528094,-0.4831493,-0.52658373,-1.4432818,0.53736323,0.09183109,-0.40726835
2021-07-13 00:00:00,-0.8315048,-0.17015113,2.1897366,-1.334778,-1.1484704,1.0625074,-0.7096591,-0.8771795,0.62008643,-0.6709576,-0.29914185,2.3153212,-1.0946776,-1.0226414,0.9929286,-1.2607747,-1.8986994,0.4651539,-0.50074196,0.64734095,-0.8668609,0.37003234,0.70237887,0.6605511,2.093343,-0.5174284,-0.59025383,-1.1284027,0.23495953,0.14335027,-0.40726835
2021-07-13 06:00:00,-0.88063085,-0.15668122,1.9162709,-1.1710268,-0.9873226,0.9063678,-0.6513178,-0.8642694,-0.2365714,-0.52099526,-0.27238053,2.0758042,-0.89691925,-0.79476684,0.81535006,-1.3255516,-1.9294977,0.30913627,0.06430233,0.40086046,-0.703556,0.28380388,0.6387865,0.45544985,1.8755003,-0.5243399,-0.52256864,-1.0837798,0.041142333,0.4247146,-0.41507146
2021-07-13 12:00:00,-0.8434647,-0.15811662,2.050486,-0.94946194,-0.8231798,0.59645563,-0.58136564,-1.3388771,0.46700308,-0.25537342,-0.26365393,1.9646202,-0.23251344,-0.19072936,0.2825872,-1.4750489,-1.7285664,0.45826054,0.5433849,0.01512997,-0.323558,0.39968854,0.24448487,0.018282369,2.0319827,-0.23645027,-0.12343953,-1.1926908,-0.16391838,-0.2522343,-0.40726835
2021-07-13 18:00:00,-0.60064054,-0.17110592,1.8679335,-1.2153399,-0.9332045,1.435208,-0.8114708,-1.5269624,0.3782535,-0.19051722,-0.2742176,2.0695374,-0.049611133,0.02878912,0.59450334,-1.2801703,-1.8116254,0.21528651,0.14155164,-0.26829547,0.042307828,0.40388688,0.29939926,-0.21108004,1.7212346,-0.2915846,-0.19068192,-0.9860034,0.07521115,0.014110711,-0.40726835
2021-07-14 00:00:00,-0.7140433,-0.1754239,1.5339004,-0.40469995,-0.1939022,0.84770894,-0.80910844,-1.6442617,-0.015675299,0.31865898,-0.27452648,1.8562181,0.21713628,0.31668225,0.82444626,-1.8345739,-2.4136462,0.3016557,0.20840716,-0.110457554,-0.07546014,0.3398247,0.15105385,-0.083124675,1.4261988,-0.18023734,-0.015727036,-0.7317397,-0.516283,-0.56633383,0.41812667
2021-07-14 06:00:00,-0.5433718,-0.17187548,1.2684894,0.5128666,0.6687969,0.4028737,-0.8748617,-1.7890387,0.40592235,0.07835487,-0.27452648,1.5334814,0.6374432,0.75794786,0.74761057,-2.1862543,-2.0711265,0.06636103,0.3878932,-0.5148498,0.59844726,0.4569284,0.17427893,-0.45198494,1.1559808,-0.19718292,-0.109309025,-0.6610224,-0.7498729,-0.36587113,1.9627371
2021-07-14 12:00:00,-0.030957308,-0.17038935,1.1079663,0.84715694,0.96591866,0.20628093,-0.8176651,-2.14562,0.09932163,-0.43961108,-0.27869618,1.3286386,0.35895222,0.4852018,0.6372092,-1.9917088,-2.110251,0.17185982,0.707151,-0.39645854,0.58561075,0.32655495,0.15733314,-0.37198356,0.9825809,-0.19997917,-0.1157264,-0.8030084,-0.5234758,-0.14103483,3.4788568
2021-07-14 18:00:00,0.29055342,-0.17309554,0.82924813,0.6626348,0.98027,0.92634517,-1.3152654,-2.0214596,0.29170135,-0.27269715,-0.2924269,1.3583776,-0.43062484,-0.30733904,0.8997941,-1.9300219,-2.0129287,0.15327537,0.35337278,-0.51278126,1.144616,0.38975495,0.5031786,-0.6469725,0.5839607,-0.4329679,-0.45006984,-0.3768997,-0.3188482,1.1179354,-0.40726835
2021-07-15 00:00:00,-0.21875313,-0.1819542,0.47609138,0.5259571,0.83917063,0.9063678,-1.4973458,-1.8648423,0.11562107,-0.75416416,-0.272607,1.2920054,-1.1432029,-1.045788,1.5307117,-1.9102727,-1.9139472,0.47208428,-0.27403295,-0.18640688,1.1351945,0.4454017,0.24569222,-0.22467948,0.28788197,-0.27128494,-0.22432633,0.054208633,-0.7368979,-0.025956895,-0.3836467
2021-07-15 06:00:00,0.023680331,-0.16569968,0.31541497,0.58396894,0.86067766,0.721736,-1.3583422,-1.7361277,0.5046643,-0.32674754,-0.28263775,0.9088897,-1.545616,-1.5061957,1.8016973,-1.6415873,-1.7578783,0.16183351,-0.16727483,0.12085725,1.033129,0.43827954,0.16074148,0.19104783,0.17654292,-0.22785154,-0.15805534,-0.4204358,-1.0394006,0.013685756,-0.3912783
2021-07-15 12:00:00,0.3486294,-0.1631651,0.30112493,0.83254987,0.96763223,0.307215,-1.5637797,-1.722575,0.88105905,-0.23703292,-0.25617182,0.6937438,-1.5771173,-1.5218168,1.1764724,-1.6884025,-1.6300333,0.13109408,-0.06684373,-0.09218947,0.9436254,0.3127604,0.17506206,-0.009351843,0.21989776,-0.22644325,-0.24320358,-0.55233115,-0.7850543,0.14316452,-0.30969274
2021-07-15 18:00:00,-0.11200797,0.04612259,0.36056986,0.8008694,0.9228658,0.3982787,-1.6191992,-1.103936,0.5862527,-0.57244384,-0.26440966,0.78458893,-1.5026275,-1.4680884,1.0798318,-1.5051495,-1.3034712,0.29932544,-0.1155207,-0.13376331,0.9923028,0.2649532,0.022236386,-0.023234783,0.2619774,-0.124689266,-0.042081375,-0.57694757,-0.23418438,0.98851746,-0.40726835
2021-07-16 00:00:00,-0.8318665,-0.16569968,0.11673939,0.1254719,0.33447218,0.60501564,-1.5358506,-0.92322695,0.17722449,-0.8589541,-0.27400443,0.5844277,-1.5159196,-1.4945602,1.245775,-1.3317171,-1.3984346,0.33375323,-0.25688997,0.29393768,0.508669,0.37783468,0.22866414,0.42993984,0.009791319,-0.26677382,-0.28650928,-0.23446615,-0.40663338,-0.1078207,-0.40417936
2021-07-16 06:00:00,-1.3695664,-0.16569968,0.12882993,0.47488415,0.5316871,0.11326145,-1.4116535,-0.8125307,0.34068534,-0.82505673,-0.2719642,0.2891681,-1.4658786,-1.420969,0.65769476,-1.3926666,-0.9992676,0.35735127,-0.27427125,0.53189963,-0.08187965,-0.21806717,-0.08741873,0.6440443,0.08685962,-0.05252255,0.043678023,-0.41635814,0.36754626,-0.2346998,-0.39527977
2021-07-16 12:00:00,-1.2572914,-0.16876875,0.44131556,0.28497136,0.31908557,0.026873581,-1.3446156,-0.90753925,0.7260829,-0.90758944,-0.27109456,0.31960863,-1.3014768,-1.2808748,0.1049544,-1.2125885,-0.72693735,-0.058621388,-0.3334064,0.35657465,0.013230089,-0.50868976,-0.13033564,0.49093124,0.42832896,-0.023607023,0.059997097,-0.4190876,0.88820976,0.13668089,-0.4195156
2021-07-16 18:00:00,-1.0979103,-0.15325026,0.6976527,0.6527481,0.6673416,0.026873581,-1.3728211,-0.7693774,0.5924395,-1.0401908,-0.27452648,0.7695284,-1.354824,-1.3288068,0.28256008,-0.97462183,-0.40253916,0.49303922,-0.2865689,0.35092896,-0.0059162034,-0.6347899,-0.020720202,0.55283797,0.6246791,-0.08507341,-0.013114457,-0.053027067,1.4469732,-0.062237244,-0.4129237
2021-07-17 00:00:00,-0.51160645,-0.17614444,0.62537974,-0.050541487,0.06547787,0.40665793,-1.4665453,-0.63563395,0.65748143,-0.9083364,-0.28448433,0.64474213,-1.467368,-1.4509745,0.31902412,-0.8736565,-0.31542024,0.17992307,-0.15039119,-0.034075256,0.6242794,0.40160027,-1.122224,0.113816254,0.5277305,0.8174053,1.2420291,-0.28896415,0.5481978,0.7020429,-0.42184937
2021-07-17 06:00:00,0.12473477,-0.15631914,0.68929136,-0.37339318,-0.3246818,0.22055426,-1.3143873,-0.50902045,0.19710487,-0.9108196,-0.27297953,0.535194,-1.4920297,-1.4693621,-0.16148606,-0.760387,-0.12902199,0.3400014,0.10912431,-0.40323433,0.92211473,0.31793338,-1.2089838,-0.21395215,0.6187454,0.89491755,1.300661,-0.3918788,0.7565746,0.25577584,-0.1586528
2021-07-17 12:00:00,-0.18757264,-0.17959036,1.0648371,-0.101184614,-0.13678607,-0.0930519,-1.2489539,-0.4543545,0.35884216,-0.9645959,-0.27547044,0.79067767,-1.334576,-1.3020755,-0.33689678,-0.87653327,0.094903015,0.46423388,0.16766748,-0.40693718,0.83213836,0.2098636,-1.0291051,-0.17974168,1.0316998,0.7263002,1.0990548,-0.8447976,0.83576494,0.2336146,-0.14285517
2021-07-17 18:00:00,-0.4210621,-0.16569968,1.1350311,-0.07586281,0.00718401,0.3067099,-1.2488805,-0.29950035,0.4669552,-1.0095742,-0.27452648,0.94379616,-1.1335977,-1.1411538,-0.526674,-0.65706694,0.08302115,0.44252464,0.05907561,-0.64598787,0.9813753,0.45809045,-0.7434274,-0.5603432,1.0448053,0.4797336,0.84457713,-0.8072798,0.7329645,-0.072688065,-0.16342022
2021-07-18 00:00:00,-0.2993379,-0.17602381,0.89189947,0.05265605,0.14520778,0.20679231,-1.072739,-0.05307491,-0.031160448,-0.76225704,-0.27521655,0.9364347,-1.0744587,-1.0852464,-0.48469463,-0.9922007,0.053363238,0.64449525,0.15035626,-1.1597625,1.4696556,0.20017369,-0.63845533,-1.0370678,0.78178257,0.40195778,0.7168595,-0.81349474,0.19410188,0.7813471,-0.40726835
2021-07-18 06:00:00,0.5403139,-0.16569968,0.84812623,0.5133174,0.56458044,0.13386711,-0.8991861,0.020327814,0.35252872,-0.44067785,-0.27452648,0.615319,-0.44556963,-0.5013738,-0.9319128,-1.1396668,0.09519545,0.18716535,0.16767621,-0.749069,0.8023038,-0.1507438,-1.1471657,-0.6802032,0.7138952,0.8402362,1.2836705,-1.1990521,0.38274765,0.50288624,0.47450066
2021-07-18 12:00:00,1.1330206,-0.16569968,1.1250267,0.8198482,0.71776295,-0.3928656,-0.9155237,-0.17976812,0.5256868,-0.07795627,-0.27452648,0.6995249,0.3144578,0.020567391,-1.670967,-0.8691839,0.11191499,0.4913785,0.24219687,-1.0595278,0.5447845,0.18491721,-0.55577254,-0.8537141,1.0810851,0.3131246,0.6104042,-1.3678081,0.6118128,0.27369863,-0.35925278
2021-07-18 18:00:00,0.37785396,-0.16569968,0.9757173,0.68809,0.6597631,-0.0930519,-0.5808124,-0.04299087,-0.3347512,0.54160464,-0.2685901,0.81239307,0.26488763,0.047946833,-1.3157827,-0.82016194,-0.10421215,0.33976457,0.047742754,-1.2869129,1.1665994,0.34552246,-0.120258234,-1.1748098,0.87277263,-0.027189516,0.05549568,-0.9276292,0.45410797,0.89445794,-0.41726813
2021-07-19 00:00:00,0.49744928,-0.1721067,0.8542582,-0.26809335,-0.06735739,0.7064716,-0.5903562,-0.42466128,0.485936,-0.18759234,-0.27155516,0.6346216,-0.34887227,-0.5283407,-1.3158098,-1.0431937,-0.20109713,0.2940085,0.085855976,-1.2780637,0.9923028,0.45175543,-0.12920836,-1.0488727,0.7620488,-0.02182008,0.057808246,-1.0084234,0.45940155,-0.10604016,0.29615465
2021-07-19 06:00:00,0.15539654,-0.16569968,0.7508166,0.72693926,0.6389168,-0.39289612,-0.64099175,-0.40296635,-0.0818341,-1.011587,-0.28172052,0.20877333,0.36240497,-0.04528575,-2.3813627,-0.41005814,0.056264196,0.37799633,0.07050521,-1.8274496,1.2192996,0.24442494,0.030913798,-1.5707872,0.70653874,-0.14681546,-0.17508782,-0.6885946,0.4835384,-0.21539502,-0.4043096
2021-07-19 12:00:00,-0.09005564,-0.16569968,0.6687163,0.61534435,0.50668484,-0.29294804,-0.5281408,-0.1877924,0.6593184,0.58600706,-0.2674146,0.20269431,0.48325306,0.07124197,-2.0261512,-0.47937292,-0.41676834,0.45492613,0.30976543,-1.1511536,0.68615437,0.40666077,-0.0890639,-0.96623516,0.6871841,-0.06695595,-0.056950305,-0.58436507,0.30944976,-0.08091619,0.043958418
2021-07-19 18:00:00,0.14473203,-0.16569968,0.5980561,0.06973673,0.11442273,0.20679231,0.0032646437,0.06501398,-0.9360329,0.6112027,-0.24944033,0.23342943,0.48325306,0.065205164,-2.112949,-0.5018807,0.03067352,0.092161395,0.25026494,-1.7986617,1.4255086,0.3116199,-0.10785471,-1.7616212,0.5189818,-0.024337161,0.053952154,-0.4538397,-0.31538957,1.201512,-0.09844774
2021-07-20 00:00:00,-0.16510911,-0.16569968,0.3797481,0.5571799,0.5353872,-0.09033741,-0.14875574,0.15196861,0.06499855,-0.46365514,-0.25026038,0.099137336,-0.19346221,-0.38441646,-1.4933614,-0.100185506,0.0050375545,0.3993839,0.767628,-1.3695035,1.0154228,0.27687424,0.35079625,-1.3614199,0.28816232,-0.34529576,-0.42754048,-0.37258664,-1.1496087,-0.4391809,0.35048854
2021-07-20 06:00:00,0.24380617,-0.1594522,0.04282874,0.4875448,0.49233392,0.016381627,-0.13239284,0.08194765,-2.1800468,-1.1839777,-0.29281127,-0.2772627,1.0525426,0.5829293,-1.8457966,0.010528041,0.5758782,-0.12875259,0.5636502,-1.3382034,0.5884211,0.09476616,-0.08170347,-1.3492748,-0.046228625,-0.05182682,0.07274471,-0.29142874,-0.68426245,1.3694445,0.027041197
2021-07-20 12:00:00,-0.65251297,-0.17448325,-0.17734177,0.63947517,0.6167098,-0.0930519,0.07915711,0.65492433,-0.24511284,0.10074668,-0.28687304,-0.44148025,0.4610475,0.24173012,-1.222549,-0.034275606,0.7054419,0.5270811,1.5370772,-0.9348163,0.5945092,0.33283418,-0.21483943,-1.0227123,-0.21751228,0.037061885,0.23059897,-0.22842145,-1.1726816,1.0841862,-0.38938403
2021-07-20 18:00:00,-1.0924199,-0.16569968,-0.09263597,0.52790374,0.59241384,0.14127858,0.7765649,0.80313903,-1.8330815,-0.5054247,-0.27895275,-0.24931104,0.73610395,0.65774643,-0.16502352,-0.09964873,0.8275912,-0.29218957,0.21473269,-0.5022435,0.3730288,0.3210032,0.6641858,-0.5626416,-0.17777504,-0.54592365,-0.7968583,-0.07105074,-0.8296891,-2.9628274,-0.29251352
2021-07-21 00:00:00,-0.47887883,-0.16569968,-0.32205722,0.1549538,0.27228445,0.40665793,0.42194474,0.39289483,0.8494906,-0.4879511,-0.26338634,-0.23723254,0.31044167,0.4102744,0.5641552,0.40775338,1.1727977,0.68444026,-0.7120778,-0.24239032,0.46443734,0.3599807,0.3836299,-0.34745756,-0.4313599,-0.358189,-0.42529547,0.11221081,-0.7369352,1.296065,-0.21155667
2021-07-21 06:00:00,-0.6585529,-0.17695992,-0.57206726,-0.10788102,0.025106696,0.51187325,0.53423566,1.1205202,-0.5830569,-0.07575107,-0.27452648,-0.4541759,0.13797282,0.33627942,1.1749272,0.4804666,0.83661515,0.20075603,0.056622427,-0.22624561,1.0315588,0.31337935,0.5792069,-0.36617634,-0.69384533,-0.48265395,-0.7611265,0.49212325,-0.6200562,-1.5914967,-0.42433506
2021-07-21 12:00:00,0.14695792,-0.16569968,-0.7122952,0.36291015,0.57020324,0.6065541,0.77162844,1.2376461,-0.03919027,-0.31017065,-0.27452648,-0.27671212,1.3222842,1.5539079,0.9041529,0.60847753,0.8547768,0.08797877,-0.38972247,-0.3341597,0.5714786,0.34830582,0.4996589,-0.42405394,-0.8594756,-0.44288507,-0.5999087,0.13397066,-0.06015383,1.2476748,0.9242763
2021-07-21 18:00:00,-0.45629242,-0.16808806,-0.64304185,0.52282923,0.8039274,0.80641973,1.0392736,0.8780911,-0.6635475,-0.4319695,-0.28283206,0.07160851,1.4016985,1.8671533,1.6145215,0.49319562,1.3431915,0.27662358,-0.84656733,-0.44836882,1.1656704,0.41143462,0.9845133,-0.52763015,-0.8664839,-0.7174209,-1.1217612,0.18580955,0.31774333,-0.5874822,0.4894565
2021-07-22 00:00:00,-0.52210593,-0.17135893,-0.5797233,0.82305765,0.9653218,0.34294373,1.2295384,0.6009835,0.4033487,-0.24110425,-0.25989765,-0.016839989,1.6951867,2.057896,1.1705344,0.39634413,1.8539573,-0.29238185,-1.3872067,0.25698084,-0.23719482,0.36724135,0.89152145,0.038842484,-0.7244484,-0.6635739,-0.9235893,-0.055327922,0.18991323,0.10436793,0.28261393
2021-07-22 06:00:00,0.10068117,-0.1807382,-0.65150565,0.78165716,0.89190555,0.2067618,1.0512885,0.6920596,-0.044319402,-0.6928802,-0.27452648,-0.2401829,0.80781657,1.1337808,1.3745072,1.1775272,2.0637054,0.0029257152,0.17077856,0.17300418,0.13495196,0.3351953,0.90221226,-0.03318969,-0.7719649,-0.6719596,-0.8326185,-0.09802567,0.66575354,0.07369879,-0.4105437
2021-07-22 12:00:00,-0.13478403,-0.16282502,-0.5600168,0.8990226,0.8128409,-0.29294804,1.4039767,0.5423329,0.89433074,2.368013,2.8853004,-0.27106062,1.7223275,2.0504966,1.0817586,1.0577447,0.7880818,-2.4281154,-0.9699729,0.4925605,-0.53711057,0.3044459,0.6822131,0.36606297,-0.5466002,-0.5603803,-0.61418873,0.28118467,1.3296611,-0.49150267,2.3233945
2021-07-22 18:00:00,1.0867008,-0.17468569,-0.35505337,0.993979,1.0736705,0.12368017,1.6253045,0.41195354,-2.6214645,0.019206505,-0.27452648,0.0024625764,0.0541046,0.15046972,0.6377715,0.67400795,0.43818343,-0.0648318,0.34688464,-0.08833593,0.07057214,0.38012126,0.29338536,-0.2551566,-0.42921066,-0.30066577,-0.23684986,0.54041916,1.6208291,-0.4129301,-0.40435964
2021-07-23 00:00:00,0.25822404,-0.16159993,-0.3192608,0.22270156,0.35972634,0.40665793,0.2430942,-0.544471,-0.65610486,0.41674837,-0.27452648,0.061500683,-0.7705427,-0.6125007,1.5257186,0.30523193,0.26142123,0.25966832,1.5262276,-0.13826923,1.2984995,0.3959637,0.27815035,-0.37126708,-0.46478963,-0.2927852,-0.22224446,1.3479689,1.0677054,-1.7228619,-0.40726835
2021-07-23 06:00:00,-0.44965482,-0.17061555,-0.39742935,-0.6266103,-0.5628234,0.2067618,0.20075622,-0.44300127,0.074403405,0.0336491,-0.27452648,-0.19438604,-0.29837403,-0.23594849,0.46013868,0.7556952,0.9266005,0.18661083,0.8423943,-0.33774444,0.35321528,0.34765735,-1.0638806,-0.19536941,-0.41178328,0.7638967,1.2823656,0.53606117,0.48510948,1.190653,-0.40726835
2021-07-23 12:00:00,0.36881804,-0.16384518,-0.32671177,0.14570214,-0.0718127,-0.6926793,-0.019071316,-0.11155095,0.1551604,-0.68309873,-0.27452648,-0.3548062,-0.6666418,-0.6067456,0.46533248,1.1193433,0.29135627,0.17641218,0.94462246,0.18393816,-0.12430538,0.42511746,-0.8697507,0.25412259,-0.2224882,0.59511656,1.1070706,0.67992735,1.0055434,0.9665338,0.022430746
2021-07-23 18:00:00,-0.06118441,-0.15562211,-0.41573653,-0.20247135,-0.3318584,-0.3928656,-0.22590393,0.07912565,-1.0403306,0.066399656,-0.27452648,-0.53180414,-0.3452206,-0.32478002,-0.07262419,0.8307041,0.5704029,0.2531679,-0.07260833,-0.30841473,0.07214238,0.34521365,-0.834969,-0.2836897,-0.37351778,0.5501337,-0.18572481,1.1671362,1.2181363,-1.7491007,-0.13814877
2021-07-24 00:00:00,-0.06695749,-0.16378675,-0.710177,-0.15032543,-0.22521912,-0.2787961,0.10224905,-0.19388,-1.5855262,0.18101566,-0.27452648,-0.77071637,0.60140705,0.46010286,-0.51378363,0.5795534,1.0114971,0.111987464,0.25546592,-1.121784,0.547925,0.28088468,0.11799759,-0.9328971,-0.68832725,-0.19580756,-0.06367687,2.0425105,0.9938985,0.94675744,0.5238353
2021-07-24 06:00:00,1.2324656,-0.17563584,-1.155173,1.0554242,0.7410857,-0.9647908,0.076530635,-0.16110367,-1.5133294,-0.41270164,0.076565415,-1.3908199,1.7380431,1.4272941,-0.93043745,0.99520546,1.2210376,-0.67056644,-0.12134516,0.6546597,-1.2875003,-2.8379333,0.15288045,0.56103665,-1.0769691,-0.23858082,-0.23648432,1.6603575,0.5514994,-0.12493971,-0.3973324
2021-07-24 12:00:00,5.852295,8.423088,-1.6210941,1.7219781,1.0328903,-1.8920256,-0.27183062,-0.37440786,-3.5731094,-1.2927986,2.3001473,-1.6348063,1.5881972,1.4197454,-0.42783558,0.82003814,0.04680755,-3.4929519,-0.9866203,0.5808522,-1.1954714,-0.39371428,-0.10649855,0.6671646,-1.228218,-0.06675327,-0.26606736,1.5177335,0.4330673,-0.4325244,-0.023475802
2021-07-24 18:00:00,1.1884962,0.05930091,-1.5959797,-0.22146283,-0.3352436,-0.39289612,-0.6153728,-0.9610973,0.45557132,0.22688656,-0.24959989,-1.7758996,-0.24063112,-0.2992553,-0.5956939,1.1475079,0.5826795,1.1952845,0.18948904,0.5720055,-1.2008388,0.30838108,0.30334973,0.62966484,-1.382587,-0.32512397,-0.3610187,1.2530016,1.7581093,-0.18981433,-0.4084185
2021-07-25 00:00:00,0.7275379,-0.16569968,-1.3662498,0.54451877,-0.21086818,-2.5916011,0.16601062,-1.0529698,0.2942648,0.9372352,-0.25989765,-2.6702142,-0.2729106,-0.5960575,-2.8236077,1.9004613,0.4924132,-0.027115071,1.4562017,0.39883643,-1.1258949,-0.032992877,-3.4271953,0.4485774,-1.0109826,3.5815256,3.5611913,0.71565413,0.50317705,1.1572206,-0.42309028
2021-07-25 06:00:00,0.123641096,-0.16569968,-1.2828017,-0.44694313,-1.1999807,-3.154354,-0.33321813,-1.086623,0.5609307,2.3861701,-0.27452648,-3.259756,-1.3701661,-1.453577,-4.7791204,2.1927912,-0.2216279,-1.041397,7.167784,-0.18346134,-0.755151,0.4165906,-4.3715415,-0.06721581,-0.78191674,5.204221,4.3573194,0.5861148,0.3297003,1.9465055,-0.4061292
2021-07-25 12:00:00,0.6605387,-0.16569968,-0.8123694,-2.3746688,-2.7940586,-2.8844304,-0.70848364,-1.2632003,1.7971712,0.3487105,-0.27452648,-1.911892,-1.4125453,-1.4251012,-1.9223558,0.9151703,-1.729347,0.48889285,2.8383062,2.7118168,-1.7923102,0.35168535,-0.24006574,2.73451,-0.19177015,0.027697325,0.3519704,0.1393773,-3.2729576,1.7455916,-0.40726835
2021-07-25 18:00:00,0.38344038,-0.16569968,-0.47268215,-3.043493,-3.2485087,-1.285932,-0.5974186,-0.63124514,0.29319406,-0.07797179,-0.2890047,-0.85572433,-1.4503163,-1.438778,-0.5965169,0.60121113,-1.0428556,0.36108667,0.46791866,3.655755,-1.7995832,0.39733294,0.42998508,3.710709,-0.059544455,-0.39231864,-0.3429628,0.56164795,-3.564967,1.4255402,-0.40726835
2021-07-26 00:00:00,0.75491416,-0.16569968,-0.58965045,-2.4039369,-2.6361969,-1.1923891,-0.20613316,-0.6563733,0.6610412,-0.24883497,-0.27452648,-0.90545434,-0.5663988,-0.71773803,-1.679446,0.44580632,-0.6759216,0.10287102,0.051697552,2.8686,-1.7995832,0.37147993,0.5895618,2.960506,-0.15427376,-0.48086846,-0.49406016,0.64146477,-2.8599958,-1.2751323,-0.40726835
2021-07-26 06:00:00,-0.06182128,-0.16569968,-0.5247905,-1.4697142,-1.6555413,-0.7906979,-0.09204333,-0.45648882,0.45442986,1.1770381,-0.1867535,-0.92334807,1.5018297,1.08034,-1.4276898,0.34367475,-0.99555,0.015828367,0.47026974,2.5728326,-1.8115834,0.34426665,0.50605357,2.5521598,-0.18345179,-0.44508895,-0.4048438,1.1004211,-2.1459987,0.71405053,-0.40726835
2021-07-26 12:00:00,-0.16205664,-0.1522381,-0.38068718,-0.3354107,-0.5026728,-0.5440543,-0.2756562,-0.46794152,-0.10898929,-0.32037944,-0.27452648,-0.70630753,0.9044951,0.70296556,-0.7830826,0.41152245,-0.7200979,0.1785028,0.25089994,1.4266996,-1.7022284,-4.02885,0.7008014,1.4627019,-0.16922487,-0.56373966,-0.68239224,1.0132989,-2.1269426,0.2498819,-0.40726835
2021-07-26 18:00:00,-0.3755895,-0.18024522,-0.3683561,0.2533192,0.23401469,-0.04411649,-0.23949245,-0.010321905,0.22777367,0.49826714,-0.27452648,-0.3196247,-0.09681772,-0.089601114,0.109758504,0.30223927,-0.85710764,0.109336,-0.19337538,-0.058221668,-0.6062053,0.14190045,0.6489328,0.01243471,-0.41503522,-0.53101164,-0.58744097,0.87748706,-1.2206362,0.7466832,-0.40726835
2021-07-27 00:00:00,-0.698522,-0.16569968,-0.42305747,0.63947517,0.72673434,0.21395358,-0.25184444,-0.117426835,0.31554955,0.51151806,-0.27452648,-0.3565781,0.53159237,0.4900244,-0.13882756,-0.06239499,-0.42129648,0.39919677,0.34063995,-0.5856339,-0.26823238,-0.7327778,0.67035043,-0.5836601,-0.5645248,-0.547292,-0.6020486,1.0579273,-1.4561111,0.44952014,0.523243
2021-07-27 06:00:00,-0.93240225,-0.16569968,-0.56836665,0.45589268,0.65497917,0.64504856,-0.36035463,-0.1540981,-0.17150092,0.30638722,-0.27452648,-0.45115283,0.39348027,0.3576557,-0.15144534,0.3866075,-0.0787559,0.35530692,0.69106746,-0.528839,-0.35222477,-0.5467956,0.9579544,-0.53527075,-0.7028433,-0.71508133,-0.82116646,0.67586017,-1.092876,-0.9714828,-0.40726835
2021-07-27 12:00:00,-0.8212855,-0.16569968,-0.51634777,0.83571833,0.86555433,0.024931598,-0.44069803,-0.54071176,-0.19894911,0.60021925,-0.27452648,-0.38932967,-0.31434426,-0.2507475,0.45536456,0.6081057,-0.25062284,0.20364417,0.31955978,-0.18734042,-0.27007455,0.04203935,-0.01846004,-0.15201914,-0.5655758,-0.0635725,0.23790224,0.6848485,-0.77456826,0.6629922,0.4730016
2021-07-27 18:00:00,-0.47789997,-0.16569968,-0.4964002,0.7489627,0.85589415,0.30674037,-0.36930797,-0.4114967,-1.0116903,0.022738518,-0.23034965,-0.18186721,0.81482697,0.9446824,0.72654724,0.5402701,-0.72629666,-0.4200452,0.1276996,-0.14483069,-0.31987092,-0.00081497646,0.09866806,-0.17186332,-0.6003803,-0.14899626,0.106432386,1.0152524,-0.999227,1.1100669,-0.0056094094
2021-07-28 00:00:00,-0.20093982,-0.16569968,-0.6948328,0.55030364,0.93243283,1.0062853,-0.449736,-0.1988575,0.5634402,5.3916187,-0.24085659,-0.22118485,1.6793727,1.771782,0.3744713,0.6997535,-0.49572486,0.3980651,-0.4890676,-0.68482935,-0.119426854,0.021511713,0.37145567,-0.6367452,-0.89927495,-0.34713,-0.17842266,0.9960745,-0.70583946,-0.16346528,-0.40726835
2021-07-28 06:00:00,-0.05469607,-0.16569968,-1.0573591,1.0230883,1.3395869,0.7064716,-0.16892968,0.105958536,-1.9587218,0.02824377,-0.2736384,-0.47561857,1.6013508,1.8252227,0.7281266,-0.5200632,-0.77213067,-0.5712998,-0.78753424,-0.551653,0.12710077,-0.082295865,0.59427994,-0.58707076,-1.232062,-0.4711321,-0.4362236,1.1476691,-1.1070958,0.04868214,2.048293
2021-07-28 12:00:00,0.4108585,-0.16569968,-1.145628,1.2397411,1.5406138,0.70650214,-0.08692174,-0.5579318,-1.2680049,0.51006305,-0.25989765,-0.4545314,1.1481125,1.2562836,0.45552984,0.78958005,0.35150874,-0.12337875,-0.41640645,-0.35905018,-0.18856822,-0.8762319,0.790479,-0.5152433,-1.3655707,-0.6021574,-0.64592946,0.99165916,-0.20006533,0.019111548,-0.40943152
2021-07-28 18:00:00,0.23207101,-0.16569968,-1.271853,0.4921813,1.0984504,1.7058914,-0.08484,-0.48426625,0.36516967,-0.28290522,-0.27452648,-0.37437776,0.93057567,1.0456022,0.6632956,0.9973016,0.38240212,0.2812251,0.6034592,-0.9700525,0.70965964,0.1594273,0.6805619,-1.0994668,-1.5629721,-0.5434449,-0.56553006,0.5992835,0.36160842,0.5212486,-0.1557886
2021-07-29 00:00:00,0.7494696,-0.16569968,-1.2514329,0.06973673,0.58517075,1.6059737,0.10662662,-0.9456318,0.0065043895,-0.99247694,-0.27452648,-0.6132021,1.134887,1.1822886,0.27062902,1.1785258,1.1265038,0.1911594,0.39984992,-1.3098348,0.6405691,0.39534026,0.8575808,-1.2014542,-1.4613045,-0.6429294,-0.7189119,0.5948118,1.0157954,-0.1015868,0.3807863
2021-07-29 06:00:00,0.64825696,-0.16569968,-1.3733222,0.4812145,0.55538756,0.22851117,-0.85389996,-1.1292925,-1.5411494,0.10712707,-0.25343215,-0.9401214,0.3691337,0.5114009,0.7612337,0.8954834,2.0492005,0.25707698,-0.72691077,-0.44165146,0.0768531,0.2305929,0.40219867,-0.4313769,-1.4589217,-0.3771775,-0.20763794,0.95829797,1.1880273,0.33098635,-0.42817363
2021-07-29 12:00:00,1.0122923,-0.16569968,-1.0395477,1.0446225,0.823813,-0.6926793,-0.7076398,-0.48453477,-1.1672229,-0.1692029,-0.25989765,-0.84532815,1.5215083,1.5867945,0.28256008,1.017274,1.4057798,0.021514019,-1.1053406,0.66934526,-1.1243802,-0.48185036,0.75792986,0.5948436,-0.9678127,-0.5942371,-0.59474534,0.9770599,1.1409487,-0.99132085,-0.41297528
2021-07-29 18:00:00,-0.3290752,-0.18735029,-0.73366725,0.8610401,0.72536737,-0.3928656,-0.34186447,-0.49509138,2.0969577,4.800539,3.236392,-0.81747544,1.7847264,1.6295471,-0.42783558,1.0911648,0.74422836,-1.6050495,-0.78514016,0.9236159,-1.5314883,-5.644009,0.23330913,1.0155165,-0.5943129,-0.2652501,-0.095529236,1.4961598,1.8676833,-0.55072504,-0.36906308
2021-07-30 00:00:00,-0.19314817,-0.17369723,-0.90756315,0.6901188,0.5915714,-0.3734372,-0.0072047478,0.26458246,0.23192418,0.56484437,-0.27452648,-0.6015199,-0.9496599,-0.875594,0.8520961,0.13644505,-0.084837325,0.81427765,2.250615,0.66641384,-1.0615706,-0.45874074,-0.18054748,0.8121102,-0.9086944,0.041856896,0.40589285,1.34874,1.3393736,0.3528022,-0.41657233
2021-07-30 06:00:00,-0.21894565,-0.14745021,-1.189595,0.4369017,0.5077059,0.10684424,0.5385547,0.36484993,-0.24718349,0.32327327,-0.27452648,-0.6976032,-1.2120728,-1.1214218,1.6145215,0.25043553,0.51092494,0.19650072,-0.24262914,0.7182666,-0.519838,0.34748656,-0.8589879,0.69360435,-1.2799788,0.5554563,1.1768261,-0.012376415,0.14981925,0.9343763,-0.3730241
2021-07-30 12:00:00,0.30292147,-0.15592517,-1.2103535,0.8547098,0.91729903,0.10684424,0.69727147,0.2577768,0.11567626,0.15553378,-0.27452648,-0.70989114,-0.6471258,-0.5335728,1.0859283,0.69293976,0.62588435,0.052519545,-0.28398415,0.0784239,0.040737588,0.41652805,-0.3884879,-0.019489821,-1.3173075,0.17872809,0.6393962,0.52523685,0.35933393,0.15206465,-0.40726835
2021-07-30 18:00:00,0.46046427,-0.15953822,-1.1898493,-0.12650642,0.42934835,1.9057875,0.7440517,0.41186512,0.19931397,0.29307863,-0.27452648,-0.3340156,0.024030369,0.106894955,0.55737203,1.1762007,0.6508445,0.57424814,-0.18973002,-1.152228,1.163459,0.4029055,-2.9285307,-1.2882801,-1.443009,2.880114,3.383744,0.57850087,0.66245794,-0.011651046,-0.39426395
2021-07-31 00:00:00,0.16539143,-0.16932379,-1.1108084,0.057076063,0.61193454,1.7059218,1.1364803,0.36135247,-0.9983905,0.3236696,-0.27452648,-0.17946957,-0.23838256,-0.12824473,0.8648199,0.9520031,0.21912898,0.63706064,0.09929923,-1.6185378,1.9218847,0.35648873,0.6231185,-1.6270664,-1.4093916,-0.49198836,-0.40074512,0.21082869,0.37778014,-0.10578217,-0.39736542
2021-07-31 06:00:00,0.30711204,-0.15823331,-1.1591542,-1.3419485,-0.9638495,1.9057875,1.0403935,-0.24736042,0.98011607,-0.14196262,-0.27452648,-0.43837902,-0.27636346,-0.062471382,1.53929,0.9608921,0.7644025,0.1915389,0.3697496,-0.9128757,1.7240344,0.41006806,-0.07217747,-1.0018723,-1.4312388,-0.05791211,0.30046603,0.41854265,0.6100163,0.78014547,-0.21829513
2021-07-31 12:00:00,-0.9812124,-0.17149365,-0.7663565,-0.4493581,-0.103799164,1.2969823,0.6472604,-0.30419376,0.18551813,-0.47540167,-0.27452648,-0.25923932,-0.24183545,-0.11837874,0.9173491,1.1754402,-0.12259568,-0.2042881,0.101833254,-1.2573624,1.8370917,0.37446102,-0.20527555,-1.3463768,-0.9826354,0.05392384,0.45579308,0.46147206,-1.0186819,-1.3097404,0.41730902
2021-07-31 18:00:00,-0.74657965,-0.1446197,-0.5416296,-1.5065395,-1.1446875,2.105653,0.35013282,0.2200665,0.35248256,-0.9862916,-0.27452648,0.1309926,0.32787696,0.47769198,0.81224966,1.0770899,-0.049068652,0.23070608,0.1474282,-1.5061315,1.8496536,0.35369423,-0.3211151,-1.4830631,-0.8188529,0.15221691,0.59579545,0.5800212,-0.23290634,0.06968561,-0.40726835
